INSERT INTO
    M_STATION (station_cd, station_name)
VALUES
    ('01', '東京'),
    ('02', '上野'),
    ('03', '大宮'),
    ('04', '小山'),
    ('05', '宇都宮'),
    ('06', '那須塩原'),
    ('07', '新白河'),
    ('08', '郡山'),
    ('09', '福島'),
    ('10', '白石蔵王'),
    ('11', '仙台'),
    ('12', '古川'),
    ('13', 'くりこま高原'),
    ('14', '一ノ関'),
    ('15', '水沢江刺'),
    ('16', '北上'),
    ('17', '新花巻'),
    ('18', '盛岡'),
    ('19', 'いわて沼宮内'),
    ('20', '二戸'),
    ('21', '八戸'),
    ('22', '七戸十和田'),
    ('23', '新青森');

INSERT INTO
    M_TRAIN_TYPE (train_type_cd, train_type_name)
VALUES
    ('01', 'はやぶさ'),
    ('02', 'はやて'),
    ('03', 'やまびこ'),
    ('04', 'なすの');

INSERT INTO
    M_TRAIN (train_cd, train_type_cd, train_number)
VALUES
    ('2049B', '01', '0049'),
    ('3001B', '01', '0001'),
    ('0091B', '02', '0091'),
    ('0093B', '02', '0093'),
    ('0051B', '03', '0051'),
    ('0201B', '03', '0201'),
    ('0251B', '04', '0251'),
    ('0255B', '04', '0255');

INSERT INTO
    M_SEAT_TYPE (seat_type_cd, seat_name, seat_type_icon)
VALUES
    ('10', '指定席', 'test'),
    ('20', 'グリーン車', 'test'),
    ('30', 'グランクラス', 'test');

INSERT INTO
    M_TRAIN_CAR (
        train_cd,
        train_car_cd,
        seat_type_cd,
        max_seat_number
    )
VALUES
    ('2049B', '01', '10', 85),
    ('2049B', '02', '10', 85),
    ('2049B', '03', '10', 85),
    ('2049B', '04', '10', 85),
    ('2049B', '05', '10', 85),
    ('2049B', '06', '10', 85),
    ('2049B', '07', '10', 85),
    ('2049B', '08', '10', 85),
    ('2049B', '09', '20', 56),
    ('2049B', '10', '30', 18),
    ('3001B', '01', '10', 85),
    ('3001B', '02', '10', 85),
    ('3001B', '03', '10', 85),
    ('3001B', '04', '10', 85),
    ('3001B', '05', '10', 85),
    ('3001B', '06', '10', 85),
    ('3001B', '07', '10', 85),
    ('3001B', '08', '10', 85),
    ('3001B', '09', '20', 56),
    ('3001B', '10', '30', 18),
    ('0091B', '01', '10', 85),
    ('0091B', '02', '10', 85),
    ('0091B', '03', '10', 85),
    ('0091B', '04', '10', 85),
    ('0091B', '05', '10', 85),
    ('0091B', '06', '10', 85),
    ('0091B', '07', '10', 85),
    ('0091B', '08', '10', 85),
    ('0091B', '09', '20', 56),
    ('0091B', '10', '30', 18);

INSERT INTO
    M_CHARGE (
        departure_station_cd,
        arrival_station_cd,
        train_type_cd,
        seat_type_cd,
        charge
    )
VALUES
    ('01', '02', '01', '10', 1000),
    ('01', '02', '02', '10', 1000),
    ('01', '02', '03', '10', 1000),
    ('01', '02', '04', '10', 1000),
    ('01', '11', '01', '10', 5500),
    ('01', '18', '01', '10', 9000),
    ('01', '19', '01', '10', 95000),
    ('01', '20', '01', '10', 10000),
    ('01', '21', '01', '10', 11500),
    ('01', '22', '01', '10', 12000),
    ('01', '23', '01', '10', 12500),
    ('01', '03', '03', '10', 1500),
    ('01', '04', '03', '10', 2000),
    ('01', '05', '03', '10', 2500),
    ('01', '06', '03', '10', 3000),
    ('01', '07', '03', '10', 3500),
    ('01', '08', '03', '10', 4000),
    ('01', '09', '03', '10', 4500),
    ('01', '11', '03', '10', 5500),
    ('01', '12', '03', '10', 6000),
    ('01', '13', '03', '10', 6500),
    ('01', '14', '03', '10', 7000),
    ('01', '15', '03', '10', 7500),
    ('01', '16', '03', '10', 8000),
    ('01', '17', '03', '10', 8500),
    ('01', '18', '03', '10', 9000);

INSERT INTO
    T_ACCOUNT (
        account_id,
        account_name,
        email_address,
        password,
        card_number,
        expiration_date
    )
VALUES
    (
        101,
        'tarou',
        '123@example.com',
        'aiueo',
        '1234567890123456',
        '2026-02-10'
    ),
    (
        102,
        'jirou',
        'aiueo@example.com',
        'irohani',
        '3214321347902321',
        '2026-02-10'
    ),
    (
        103,
        'hanako',
        '546@example.com',
        'hoheto',
        '9218319461221498',
        '2026-02-10'
    ),
    (
        104,
        'takeo',
        'kikuchi@example.com',
        'tirinuruw0',
        '1243249247821432',
        '2026-02-10'
    ),
    (
        105,
        'sanae',
        'takaichi@example.com',
        'yokoham@',
        '2159247829238412',
        '2026-02-10'
    ),
    (
        106,
        'shinjirou',
        'ko-izumi@example.com',
        'mIrai',
        '2361234062149821',
        '2026-02-10'
    );

INSERT INTO
    T_SEARCH_HISTORY (
        account_id,
        departure_date,
        departure_time,
        departure_station_cd,
        arrival_station_cd,
        search_datetime
    )
VALUES
    (
        101,
        '2026-02-10',
        '11:25:00',
        '01',
        '04',
        '2026-02-09 16:00:00'
    ),
    (
        101,
        '2026-02-10',
        '11:25:00',
        '01',
        '04',
        '2026-02-09 16:00:30'
    ),
    (
        101,
        '2026-02-10',
        '11:25:00',
        '01',
        '04',
        '2026-02-09 16:01:00'
    ),
    (
        102,
        '2026-02-10',
        '08:20:00',
        '01',
        '04',
        '2026-02-10 13:02:00'
    ),
    (
        102,
        '2026-02-10',
        '09:20:00',
        '01',
        '04',
        '2026-02-10 13:02:30'
    ),
    (
        103,
        '2026-02-10',
        '08:25:00',
        '01',
        '04',
        '2026-02-09 17:10:00'
    );

INSERT INTO
    M_PLAN (
        train_cd,
        arrival_station_cd,
        arrival_time,
        departure_time,
        track_number
    )
VALUES
    ('3001B', '01', '06:32:00', '06:32:50', '22'),
    ('3001B', '02', '06:37:00', '06:38:50', '20'),
    ('3001B', '03', '06:56:00', '06:57:50', '17'),
    ('3001B', '11', '08:03:00', '08:05:50', '12'),
    ('3001B', '18', '08:44:00', '08:50:50', '14'),
    ('3001B', '20', '09:09:00', '09:10:50', '2'),
    ('3001B', '21', '09:21:00', '09:22:50', '13'),
    ('3001B', '22', '09:34:00', '09:34:50', '1'),
    ('3001B', '23', '09:34:00', '09:49:50', '13'),
    ('0091B', '01', '09:34:00', '09:35:50', '13'),
    ('0091B', '02', '09:36:00', '09:37:50', '13');


INSERT INTO
    M_TRAIN (train_cd, train_type_cd, train_number)
VALUES
    ('3015B', '01', '0015'),
    ('3017B', '01', '0017'),
    ('0109B', '02', '0109'),
    ('0111B', '02', '0111'),
    ('0219B', '03', '0219'),
    ('0221B', '03', '0221'),
    ('0223B', '03', '0223'),
    ('0293B', '04', '0293'),
    ('0295B', '04', '0295'),
    ('0297B', '04', '0297');

INSERT INTO
    M_TRAIN_CAR (
        train_cd,
        train_car_cd,
        seat_type_cd,
        max_seat_number
    )
VALUES
    ('3015B', '01', '10', 85),('3015B', '02', '10', 85),('3015B', '03', '10', 85),('3015B', '04', '10', 85),('3015B', '05', '10', 85),('3015B', '06', '10', 85),('3015B', '07', '10', 85),('3015B', '08', '10', 85),('3015B', '09', '20', 56),('3015B', '10', '30', 18),
    ('3017B', '01', '10', 85),('3017B', '02', '10', 85),('3017B', '03', '10', 85),('3017B', '04', '10', 85),('3017B', '05', '10', 85),('3017B', '06', '10', 85),('3017B', '07', '10', 85),('3017B', '08', '10', 85),('3017B', '09', '20', 56),('3017B', '10', '30', 18),
    ('0109B', '01', '10', 85),('0109B', '02', '10', 85),('0109B', '03', '10', 85),('0109B', '04', '10', 85),('0109B', '05', '10', 85),('0109B', '06', '10', 85),('0109B', '07', '10', 85),('0109B', '08', '10', 85),('0109B', '09', '20', 56),('0109B', '10', '30', 18),
    ('0111B', '01', '10', 85),('0111B', '02', '10', 85),('0111B', '03', '10', 85),('0111B', '04', '10', 85),('0111B', '05', '10', 85),('0111B', '06', '10', 85),('0111B', '07', '10', 85),('0111B', '08', '10', 85),('0111B', '09', '20', 56),('0111B', '10', '30', 18),
    ('0219B', '01', '10', 85),('0219B', '02', '10', 85),('0219B', '03', '10', 85),('0219B', '04', '10', 85),('0219B', '05', '10', 85),('0219B', '06', '10', 85),('0219B', '07', '10', 85),('0219B', '08', '10', 85),('0219B', '09', '20', 56),('0219B', '10', '30', 18),
    ('0221B', '01', '10', 85),('0221B', '02', '10', 85),('0221B', '03', '10', 85),('0221B', '04', '10', 85),('0221B', '05', '10', 85),('0221B', '06', '10', 85),('0221B', '07', '10', 85),('0221B', '08', '10', 85),('0221B', '09', '20', 56),('0221B', '10', '30', 18),
    ('0223B', '01', '10', 85),('0223B', '02', '10', 85),('0223B', '03', '10', 85),('0223B', '04', '10', 85),('0223B', '05', '10', 85),('0223B', '06', '10', 85),('0223B', '07', '10', 85),('0223B', '08', '10', 85),('0223B', '09', '20', 56),('0223B', '10', '30', 18),
    ('0293B', '01', '10', 85),('0293B', '02', '10', 85),('0293B', '03', '10', 85),('0293B', '04', '10', 85),('0293B', '05', '10', 85),('0293B', '06', '10', 85),('0293B', '07', '10', 85),('0293B', '08', '10', 85),('0293B', '09', '20', 56),('0293B', '10', '30', 18),
    ('0295B', '01', '10', 85),('0295B', '02', '10', 85),('0295B', '03', '10', 85),('0295B', '04', '10', 85),('0295B', '05', '10', 85),('0295B', '06', '10', 85),('0295B', '07', '10', 85),('0295B', '08', '10', 85),('0295B', '09', '20', 56),('0295B', '10', '30', 18),
    ('0297B', '01', '10', 85),('0297B', '02', '10', 85),('0297B', '03', '10', 85),('0297B', '04', '10', 85),('0297B', '05', '10', 85),('0297B', '06', '10', 85),('0297B', '07', '10', 85),('0297B', '08', '10', 85),('0297B', '09', '20', 56),('0297B', '10', '30', 18);

INSERT INTO
    M_PLAN (
        train_cd,
        arrival_station_cd,
        arrival_time,
        departure_time,
        track_number
    )
VALUES
    ('3015B', '01', '14:00:00', '14:00:50', '21'), ('3015B', '02', '14:06:00', '14:07:50', '20'),
    ('0109B', '01', '14:08:00', '14:08:50', '22'), ('0109B', '02', '14:14:00', '14:15:50', '19'),
    ('0219B', '01', '14:16:00', '14:16:50', '23'), ('0219B', '02', '14:22:00', '14:23:50', '21'),
    ('0293B', '01', '14:24:00', '14:24:50', '21'), ('0293B', '02', '14:30:00', '14:31:50', '20'),
    ('3017B', '01', '14:32:00', '14:32:50', '22'), ('3017B', '02', '14:38:00', '14:39:50', '19'),
    ('0111B', '01', '14:40:00', '14:40:50', '23'), ('0111B', '02', '14:46:00', '14:47:50', '21'),
    ('0221B', '01', '14:48:00', '14:48:50', '21'), ('0221B', '02', '14:54:00', '14:55:50', '20'),
    ('0295B', '01', '14:56:00', '14:56:50', '22'), ('0295B', '02', '15:02:00', '15:03:50', '19'),
    ('0223B', '01', '15:04:00', '15:04:50', '23'), ('0223B', '02', '15:10:00', '15:11:50', '21'),
    ('0297B', '01', '15:12:00', '15:12:50', '21'), ('0297B', '02', '15:18:00', '15:19:50', '20');
