/* =========================================================
1号車(train_car_cd='01') 85席のうち42席を「ランダムな座席番号」で埋める
日付は挿入日（Today）
対象：train_cd='3001B'
========================================================= */
/* ---- T_RESERVATION：予約（出発日=Today） ---- */
INSERT INTO
    T_RESERVATION (
        reservation_id,
        invalid_flg,
        account_id,
        departure_date,
        buy_datetime,
        buyer_name,
        email_address,
        card_number,
        expiration_date
    ) OVERRIDING SYSTEM VALUE
VALUES
    (
        1001,
        false,
        101,
        CURRENT_DATE,
        CURRENT_TIMESTAMP,
        'tarou',
        '123@example.com',
        '1234567890123456',
        '2026-02-10'
    ),
    (
        1002,
        false,
        102,
        CURRENT_DATE,
        CURRENT_TIMESTAMP,
        'jirou',
        'aiueo@example.com',
        '3214321347902321',
        '2026-02-10'
    ),
    (
        1003,
        false,
        103,
        CURRENT_DATE,
        CURRENT_TIMESTAMP,
        'hanako',
        '546@example.com',
        '9218319461221498',
        '2026-02-10'
    ),
    (
        1004,
        false,
        104,
        CURRENT_DATE,
        CURRENT_TIMESTAMP,
        'takeo',
        'kikuchi@example.com',
        '1243249247821432',
        '2026-02-10'
    ),
    (
        1005,
        false,
        105,
        CURRENT_DATE,
        CURRENT_TIMESTAMP,
        'sanae',
        'takaichi@example.com',
        '2159247829238412',
        '2026-02-10'
    ),
    (
        1006,
        false,
        106,
        CURRENT_DATE,
        CURRENT_TIMESTAMP,
        'shinjirou',
        'ko-izumi@example.com',
        '2361234062149821',
        '2026-02-10'
    ),
    (
        1007,
        false,
        101,
        CURRENT_DATE,
        CURRENT_TIMESTAMP,
        'tarou',
        '123@example.com',
        '1234567890123456',
        '2026-02-10'
    ),
    (
        1008,
        false,
        102,
        CURRENT_DATE,
        CURRENT_TIMESTAMP,
        'jirou',
        'aiueo@example.com',
        '3214321347902321',
        '2026-02-10'
    ),
    (
        1009,
        false,
        103,
        CURRENT_DATE,
        CURRENT_TIMESTAMP,
        'hanako',
        '546@example.com',
        '9218319461221498',
        '2026-02-10'
    ),
    (
        1010,
        false,
        104,
        CURRENT_DATE,
        CURRENT_TIMESTAMP,
        'takeo',
        'kikuchi@example.com',
        '1243249247821432',
        '2026-02-10'
    );

/* ---- T_TICKET：42席分（出発日=Today） ---- */
INSERT INTO
    T_TICKET (
        reservation_id,
        train_cd,
        departure_date,
        train_car_cd,
        seat_cd,
        departure_station_cd,
        arrival_station_cd,
        charge,
        user_name,
        email_address,
        status
    )
VALUES
    (
        1001,
        '3001B',
        CURRENT_DATE,
        '01',
        '003',
        '01',
        '11',
        5500,
        '山田 太郎',
        '123@example.com',
        'unused'
    ),
    (
        1001,
        '3001B',
        CURRENT_DATE,
        '01',
        '047',
        '01',
        '11',
        5500,
        '山田 花子',
        '123@example.com',
        'unused'
    ),
    (
        1001,
        '3001B',
        CURRENT_DATE,
        '01',
        '061',
        '01',
        '18',
        9000,
        '山田 次郎',
        '123@example.com',
        'unused'
    ),
    (
        1001,
        '3001B',
        CURRENT_DATE,
        '01',
        '019',
        '01',
        '02',
        1000,
        '山田 恒一',
        '123@example.com',
        'unused'
    ),
    (
        1001,
        '3001B',
        CURRENT_DATE,
        '01',
        '082',
        '01',
        '23',
        12500,
        '山田 里奈',
        '123@example.com',
        'unused'
    ),
    (
        1002,
        '3001B',
        CURRENT_DATE,
        '01',
        '006',
        '01',
        '11',
        5500,
        '佐藤 次郎',
        'aiueo@example.com',
        'unused'
    ),
    (
        1002,
        '3001B',
        CURRENT_DATE,
        '01',
        '050',
        '01',
        '20',
        10000,
        '佐藤 美咲',
        'aiueo@example.com',
        'unused'
    ),
    (
        1002,
        '3001B',
        CURRENT_DATE,
        '01',
        '073',
        '01',
        '22',
        12000,
        '佐藤 健',
        'aiueo@example.com',
        'unused'
    ),
    (
        1002,
        '3001B',
        CURRENT_DATE,
        '01',
        '021',
        '01',
        '02',
        1000,
        '佐藤 優',
        'aiueo@example.com',
        'unused'
    ),
    (
        1003,
        '3001B',
        CURRENT_DATE,
        '01',
        '008',
        '01',
        '18',
        9000,
        '鈴木 花子',
        '546@example.com',
        'unused'
    ),
    (
        1003,
        '3001B',
        CURRENT_DATE,
        '01',
        '052',
        '01',
        '11',
        5500,
        '鈴木 大輔',
        '546@example.com',
        'unused'
    ),
    (
        1003,
        '3001B',
        CURRENT_DATE,
        '01',
        '071',
        '01',
        '21',
        11500,
        '鈴木 奈々',
        '546@example.com',
        'unused'
    ),
    (
        1003,
        '3001B',
        CURRENT_DATE,
        '01',
        '029',
        '01',
        '02',
        1000,
        '鈴木 亮',
        '546@example.com',
        'unused'
    ),
    (
        1004,
        '3001B',
        CURRENT_DATE,
        '01',
        '011',
        '01',
        '23',
        12500,
        '菊池 武雄',
        'kikuchi@example.com',
        'unused'
    ),
    (
        1004,
        '3001B',
        CURRENT_DATE,
        '01',
        '057',
        '01',
        '22',
        12000,
        '菊池 恒一',
        'kikuchi@example.com',
        'unused'
    ),
    (
        1004,
        '3001B',
        CURRENT_DATE,
        '01',
        '075',
        '01',
        '20',
        10000,
        '菊池 陽菜',
        'kikuchi@example.com',
        'unused'
    ),
    (
        1004,
        '3001B',
        CURRENT_DATE,
        '01',
        '034',
        '01',
        '11',
        5500,
        '菊池 恒一郎',
        'kikuchi@example.com',
        'unused'
    ),
    (
        1004,
        '3001B',
        CURRENT_DATE,
        '01',
        '083',
        '01',
        '02',
        1000,
        '菊池 直人',
        'kikuchi@example.com',
        'unused'
    ),
    (
        1005,
        '3001B',
        CURRENT_DATE,
        '01',
        '014',
        '01',
        '21',
        11500,
        '高市 早苗',
        'takaichi@example.com',
        'unused'
    ),
    (
        1005,
        '3001B',
        CURRENT_DATE,
        '01',
        '054',
        '01',
        '11',
        5500,
        '高市 翼',
        'takaichi@example.com',
        'unused'
    ),
    (
        1005,
        '3001B',
        CURRENT_DATE,
        '01',
        '068',
        '01',
        '18',
        9000,
        '高市 麻衣',
        'takaichi@example.com',
        'unused'
    ),
    (
        1005,
        '3001B',
        CURRENT_DATE,
        '01',
        '031',
        '01',
        '02',
        1000,
        '高市 颯太',
        'takaichi@example.com',
        'unused'
    ),
    (
        1006,
        '3001B',
        CURRENT_DATE,
        '01',
        '017',
        '01',
        '22',
        12000,
        '小泉 新次郎',
        'ko-izumi@example.com',
        'unused'
    ),
    (
        1006,
        '3001B',
        CURRENT_DATE,
        '01',
        '059',
        '01',
        '20',
        10000,
        '小泉 葵',
        'ko-izumi@example.com',
        'unused'
    ),
    (
        1006,
        '3001B',
        CURRENT_DATE,
        '01',
        '079',
        '01',
        '11',
        5500,
        '小泉 玲',
        'ko-izumi@example.com',
        'unused'
    ),
    (
        1006,
        '3001B',
        CURRENT_DATE,
        '01',
        '036',
        '01',
        '02',
        1000,
        '小泉 陸',
        'ko-izumi@example.com',
        'unused'
    ),
    (
        1007,
        '3001B',
        CURRENT_DATE,
        '01',
        '024',
        '01',
        '23',
        12500,
        '山田 航',
        '123@example.com',
        'unused'
    ),
    (
        1007,
        '3001B',
        CURRENT_DATE,
        '01',
        '063',
        '01',
        '21',
        11500,
        '山田 真央',
        '123@example.com',
        'unused'
    ),
    (
        1007,
        '3001B',
        CURRENT_DATE,
        '01',
        '077',
        '01',
        '18',
        9000,
        '山田 理子',
        '123@example.com',
        'unused'
    ),
    (
        1007,
        '3001B',
        CURRENT_DATE,
        '01',
        '038',
        '01',
        '02',
        1000,
        '山田 慧',
        '123@example.com',
        'unused'
    ),
    (
        1008,
        '3001B',
        CURRENT_DATE,
        '01',
        '027',
        '01',
        '20',
        10000,
        '佐藤 翔',
        'aiueo@example.com',
        'unused'
    ),
    (
        1008,
        '3001B',
        CURRENT_DATE,
        '01',
        '066',
        '01',
        '11',
        5500,
        '佐藤 結衣',
        'aiueo@example.com',
        'unused'
    ),
    (
        1008,
        '3001B',
        CURRENT_DATE,
        '01',
        '081',
        '01',
        '22',
        12000,
        '佐藤 陽向',
        'aiueo@example.com',
        'unused'
    ),
    (
        1008,
        '3001B',
        CURRENT_DATE,
        '01',
        '041',
        '01',
        '02',
        1000,
        '佐藤 莉子',
        'aiueo@example.com',
        'unused'
    ),
    (
        1009,
        '3001B',
        CURRENT_DATE,
        '01',
        '043',
        '01',
        '21',
        11500,
        '鈴木 悠真',
        '546@example.com',
        'unused'
    ),
    (
        1009,
        '3001B',
        CURRENT_DATE,
        '01',
        '012',
        '01',
        '18',
        9000,
        '鈴木 心春',
        '546@example.com',
        'unused'
    ),
    (
        1009,
        '3001B',
        CURRENT_DATE,
        '01',
        '080',
        '01',
        '11',
        5500,
        '鈴木 颯',
        '546@example.com',
        'unused'
    ),
    (
        1009,
        '3001B',
        CURRENT_DATE,
        '01',
        '085',
        '01',
        '02',
        1000,
        '鈴木 結菜',
        '546@example.com',
        'unused'
    ),
    (
        1010,
        '3001B',
        CURRENT_DATE,
        '01',
        '045',
        '01',
        '23',
        12500,
        '菊池 蒼',
        'kikuchi@example.com',
        'unused'
    ),
    (
        1010,
        '3001B',
        CURRENT_DATE,
        '01',
        '026',
        '01',
        '22',
        12000,
        '菊池 莉央',
        'kikuchi@example.com',
        'unused'
    ),
    (
        1010,
        '3001B',
        CURRENT_DATE,
        '01',
        '084',
        '01',
        '20',
        10000,
        '菊池 直樹',
        'kikuchi@example.com',
        'unused'
    ),
    (
        1010,
        '3001B',
        CURRENT_DATE,
        '01',
        '040',
        '01',
        '11',
        5500,
        '菊池 美優',
        'kikuchi@example.com',
        'unused'
    );

/* ---- T_SEAT：T_TICKETと同一キーで登録（出発日=Today） ---- */
INSERT INTO
    T_SEAT (
        train_cd,
        departure_date,
        train_car_cd,
        seat_cd,
        departure_station_cd,
        arrival_station_cd,
        reservation_id
    )
VALUES
    (
        '3001B',
        CURRENT_DATE,
        '01',
        '003',
        '01',
        '11',
        1001
    ),
    (
        '3001B',
        CURRENT_DATE,
        '01',
        '047',
        '01',
        '11',
        1001
    ),
    (
        '3001B',
        CURRENT_DATE,
        '01',
        '061',
        '01',
        '18',
        1001
    ),
    (
        '3001B',
        CURRENT_DATE,
        '01',
        '019',
        '01',
        '02',
        1001
    ),
    (
        '3001B',
        CURRENT_DATE,
        '01',
        '082',
        '01',
        '23',
        1001
    ),
    (
        '3001B',
        CURRENT_DATE,
        '01',
        '006',
        '01',
        '11',
        1002
    ),
    (
        '3001B',
        CURRENT_DATE,
        '01',
        '050',
        '01',
        '20',
        1002
    ),
    (
        '3001B',
        CURRENT_DATE,
        '01',
        '073',
        '01',
        '22',
        1002
    ),
    (
        '3001B',
        CURRENT_DATE,
        '01',
        '021',
        '01',
        '02',
        1002
    ),
    (
        '3001B',
        CURRENT_DATE,
        '01',
        '008',
        '01',
        '18',
        1003
    ),
    (
        '3001B',
        CURRENT_DATE,
        '01',
        '052',
        '01',
        '11',
        1003
    ),
    (
        '3001B',
        CURRENT_DATE,
        '01',
        '071',
        '01',
        '21',
        1003
    ),
    (
        '3001B',
        CURRENT_DATE,
        '01',
        '029',
        '01',
        '02',
        1003
    ),
    (
        '3001B',
        CURRENT_DATE,
        '01',
        '011',
        '01',
        '23',
        1004
    ),
    (
        '3001B',
        CURRENT_DATE,
        '01',
        '057',
        '01',
        '22',
        1004
    ),
    (
        '3001B',
        CURRENT_DATE,
        '01',
        '075',
        '01',
        '20',
        1004
    ),
    (
        '3001B',
        CURRENT_DATE,
        '01',
        '034',
        '01',
        '11',
        1004
    ),
    (
        '3001B',
        CURRENT_DATE,
        '01',
        '083',
        '01',
        '02',
        1004
    ),
    (
        '3001B',
        CURRENT_DATE,
        '01',
        '014',
        '01',
        '21',
        1005
    ),
    (
        '3001B',
        CURRENT_DATE,
        '01',
        '054',
        '01',
        '11',
        1005
    ),
    (
        '3001B',
        CURRENT_DATE,
        '01',
        '068',
        '01',
        '18',
        1005
    ),
    (
        '3001B',
        CURRENT_DATE,
        '01',
        '031',
        '01',
        '02',
        1005
    ),
    (
        '3001B',
        CURRENT_DATE,
        '01',
        '017',
        '01',
        '22',
        1006
    ),
    (
        '3001B',
        CURRENT_DATE,
        '01',
        '059',
        '01',
        '20',
        1006
    ),
    (
        '3001B',
        CURRENT_DATE,
        '01',
        '036',
        '01',
        '02',
        1006
    ),
    (
        '3001B',
        CURRENT_DATE,
        '01',
        '024',
        '01',
        '23',
        1007
    ),
    (
        '3001B',
        CURRENT_DATE,
        '01',
        '063',
        '01',
        '21',
        1007
    ),
    (
        '3001B',
        CURRENT_DATE,
        '01',
        '038',
        '01',
        '02',
        1007
    ),
    (
        '3001B',
        CURRENT_DATE,
        '01',
        '027',
        '01',
        '20',
        1008
    ),
    (
        '3001B',
        CURRENT_DATE,
        '01',
        '066',
        '01',
        '11',
        1008
    ),
    (
        '3001B',
        CURRENT_DATE,
        '01',
        '041',
        '01',
        '02',
        1008
    ),
    (
        '3001B',
        CURRENT_DATE,
        '01',
        '043',
        '01',
        '21',
        1009
    ),
    (
        '3001B',
        CURRENT_DATE,
        '01',
        '012',
        '01',
        '18',
        1009
    ),
    (
        '3001B',
        CURRENT_DATE,
        '01',
        '045',
        '01',
        '23',
        1010
    ),
    (
        '3001B',
        CURRENT_DATE,
        '01',
        '026',
        '01',
        '22',
        1010
    ),
    (
        '3001B',
        CURRENT_DATE,
        '01',
        '040',
        '01',
        '11',
        1010
    );